Feature,Importance
Fiyat_Kalite_Orani,0.9907863928157394
Kalite_Skoru,0.005903856412073452
Fiyat_Trend,0.0012062162614569247
Rutubet,0.00046955700708227016
Toplam_Kusur,0.00040321038073268495
SaglamHububatDisi,0.0003026808333422638
KusurluTaneler,0.0001382702605538465
YabanciMadde,0.00011127414861082805
DigerMuhtelifMaddeler,0.00011018260536552629
TahminiMiktar,0.00010834144828728571
DigerHububat,8.285108626369197e-05
Fiyat_Volatilite,6.164556513588618e-05
Hektolitre,5.4840782973243976e-05
CilizBurusuk,4.4456868898853925e-05
Hafta,4.0242692428161844e-05
TasToprak,3.733412333501033e-05
Gun,2.6754262631019324e-05
UrunAdi_encoded,2.5140367001415033e-05
Protein,1.7254896363665836e-05
Fiyat_MA7,1.3486271047132693e-05
Ay,1.0261403948964075e-05
SuneKimil,9.75201506372796e-06
Mevsim,7.5718316486544055e-06
SinifAdi_encoded,6.762724622666713e-06
DonmeliTane,5.285095844306303e-06
KirikTane,4.610117695317447e-06
EmbriyosuKararmis,4.3072279195608436e-06
DigerOt,2.9756962631084836e-06
YabanciOt,2.564976679567672e-06
Kavuz,1.3285858044389753e-06
HasereTahribati,5.912351871336849e-07
