Feature,Importance
Fiyat_Kalite_Orani,0.034268559807738255
Kalite_Skoru,0.003962660010133326
Fiyat_Trend,0.00017355176796399663
Toplam_Kusur,6.890564506135334e-05
SaglamHububatDisi,6.419628228146649e-05
DigerHububat,4.267109024899396e-05
Rutubet,3.957817613507921e-05
KusurluTaneler,3.78994051511851e-05
Hektolitre,2.2035114623774236e-05
Fiyat_Volatilite,1.4689918630534938e-05
Hafta,1.4377530728832924e-05
EmbriyosuKararmis,1.1847050243137818e-05
TasToprak,9.752318141867023e-06
DonmeliTane,9.724458032349576e-06
CilizBurusuk,9.50783636586431e-06
Gun,9.016677908495877e-06
Protein,8.875140473148535e-06
UrunAdi_encoded,7.91609948807625e-06
Fiyat_MA7,7.64444857208077e-06
SinifAdi_encoded,7.281862260587342e-06
TahminiMiktar,7.220192909593072e-06
YabanciMadde,7.182679908917259e-06
DigerMuhtelifMaddeler,6.990239117800713e-06
SuneKimil,4.7177406638263225e-06
Ay,4.435520265902879e-06
KirikTane,4.374717103607816e-06
Mevsim,2.875316020989542e-06
Kavuz,1.9502596656303347e-06
YabanciOt,1.6647583043243377e-06
DigerOt,1.6125032762189663e-06
HasereTahribati,9.159704008710711e-07
