Model,Hyperparameter setting,Validation R²,Validation MAE (TL)
LSTM + Attention,"32 units, lr=0.001",1.0,0.024
LSTM + Attention,"64 units, lr=0.001",1.0,0.018
LSTM + Attention,"128 units, lr=0.0005",1.0,0.019
Random Forest,"50 trees, depth=None",0.9994,0.011
Random Forest,"100 trees, depth=None",0.9994,0.011
Random Forest,"200 trees, depth=20",0.9994,0.011
SVR,"RBF kernel, C=1",0.7901,0.931
SVR,"RBF kernel, C=10",0.7901,0.931
SVR,"RBF kernel, C=100, ε=0.05",0.9174,0.596
SVR,"Polynomial kernel, C=10",0.7622,0.958
